<application>
  <component name="AndroidLogcatFilterHistory">
    <option name="mostRecentlyUsed" value="is:error " />
    <option name="nonFavorites">
      <list>
        <option value="is:error " />
        <option value="chenglaidebug" />
        <option value="duolog" />
        <option value="level:error fat" />
        <option value="chenglaidbeug" />
        <option value="anr" />
        <option value="is:warn " />
        <option value="com.duolingo.de" />
        <option value="mediaplayer" />
        <option value=" com.duolingo.devel" />
        <option value="level:error " />
        <option value="level:error delight" />
        <option value="level:error anr" />
        <option value="error" />
        <option value="Growth Del" />
        <option value="message~:'chenglaidebug'" />
        <option value="message~:'chenglaidebug|'" />
        <option value="level:error mediaP" />
        <option value="message~:" />
        <option value="message~:'mid_lesson_duo_jump_pause'" />
      </list>
    </option>
  </component>
</application>