<application>
  <component name="FindSettings">
    <option name="customScope" value="Project Files" />
    <option name="defaultScopeName" value="Project Files" />
    <option name="regularExpressions" value="true" />
    <option name="REGULAR_EXPRESSIONS" value="true" />
    <option name="SEARCH_SCOPE" value="Project Files" />
    <mask>*Bridge.kt</mask>
    <mask>*Message.kt</mask>
    <mask>*xml</mask>
    <mask>*view.kt</mask>
    <mask>*managerfactory.kt</mask>
    <mask>*route.kt</mask>
    <mask>*bannermessage.kt</mask>
    <mask>*test.kt</mask>
    <mask>*viewmodel.kt</mask>
    <mask>*fragment.kt</mask>
    <mask>*Module.kt</mask>
    <mask>*ViewModel.kt</mask>
    <mask>*md</mask>
    <mask>*task.kt</mask>
    <mask>*.kt</mask>
    <mask>*Task.kt</mask>
    <mask>*upTask.kt</mask>
    <mask>*cycleTask.kt</mask>
    <mask>*Test.kt</mask>
    <mask>*Converter.kt</mask>
    <mask>*gradle.kts</mask>
  </component>
</application>