<application>
  <component name="StudioBotSettings">
    <option name="acceptedTermsVersion" value="3" />
    <option name="contextSharingModeV2" value="AlwaysShare" />
    <option name="dasherProductVariant" value="Free" />
    <option name="onboardedVersion" value="3" />
    <option name="queryHistory">
      <list>
        <historyEntry timestamp="1748476931345">I'm getting the following error while building my project. The error is: cannot find symbol class StreakHapticsPlayer
```
$ ./gradlew :app:compilePlayDebugJavaWithJavac
/Users/chenglai/duolingo-android/app/build/generated/ksp/playDebug/java/com/duolingo/streak/soundeffects/StreakHapticsPlayer_Factory.java:28: error: cannot find symbol
public final class StreakHapticsPlayer_Factory implements Factory&lt;StreakHapticsPlayer&gt; {
                                                                  ^
  symbol: class StreakHapticsPlayer
```
How do I fix this?</historyEntry>
      </list>
    </option>
  </component>
</application>