<application>
  <component name="Trusted.Paths">
    <option name="TRUSTED_PROJECT_PATHS">
      <map>
        <entry key="$USER_HOME$/AndroidStudioProjects/DuoRiveSample" value="true" />
        <entry key="$USER_HOME$/AndroidStudioProjects/MyApplication" value="true" />
        <entry key="$USER_HOME$/AndroidStudioProjects/MyApplication2" value="true" />
        <entry key="$USER_HOME$/AndroidStudioProjects/MyApplication3" value="true" />
        <entry key="$USER_HOME$/AndroidStudioProjects/MyApplication4" value="true" />
        <entry key="$USER_HOME$/duolingo-android" value="true" />
        <entry key="$USER_HOME$/thrive-android-app" value="true" />
      </map>
    </option>
  </component>
</application>