<application>
  <component name="DimensionService">
    <location key="WELCOME_SCREEN.0.0.3456.2234@192dpi" x="1728" y="600" />
    <location key="find.popup.-3440.-235.3440.1440" x="-1814" y="56" />
    <location key="find.popup.-5120.0.5120.2880@192dpi" x="-3850" y="160" />
    <location key="find.popup.0.0.3456.2234@192dpi" x="986" y="688" />
    <location key="find.popup.-3440.426.3440.1440" x="-2745" y="636" />
    <location key="find.popup.0.0.5120.2880@192dpi" x="1460" y="852" />
    <location key="find.popup.-70.-1080.1920.1080" x="588" y="-954" />
    <location key="find.popup.0.0.2880.5120@192dpi" x="582" y="712" />
    <location key="find.popup.-3440.276.3440.1440" x="-1520" y="601" />
    <location key="find.popup.0.0.2160.3840@192dpi" x="392" y="612" />
    <location key="find.popup.-5120.-130.5120.2880@192dpi" x="-3428" y="874" />
    <location key="find.popup.-75.-1080.1920.1080" x="594" y="-931" />
    <location key="find.popup.-668.-2880.5120.2880@192dpi" x="1074" y="-2174" />
    <location key="find.popup.-5120.-646.5120.2880@192dpi" x="-4888" y="40" />
    <location key="find.popup.-5120.0.5120.2880@240dpi" x="-3432" y="1002" />
    <location key="find.popup.0.0.3456.2234@240dpi" x="0" y="76" />
    <location key="find.popup.-1920.-435.1920.1080" x="-1922" y="-410" />
    <location key="find.popup.-124.-1080.1920.1080" x="-92" y="-775" />
    <location key="find.popup.5120.0.3456.2234@192dpi" x="1642" y="464" />
    <location key="find.popup.-238.-2160.3840.2160@192dpi" x="20" y="-1986" />
    <location key="find.popup.0.0.3440.1440" x="899" y="197" />
    <location key="find.popup.-3440.216.3440.1440" x="-1648" y="380" />
    <location key="find.popup.-182.-2160.3840.2160@192dpi" x="600" y="-1908" />
    <location key="find.popup.0.0.1920.1080" x="730" y="271" />
    <location key="find.popup.-260.-2160.3840.2160@192dpi" x="714" y="-1946" />
    <location key="find.popup.-954.-2880.5120.2880@192dpi" x="142" y="-2022" />
    <location key="find.popup.384.2160.3456.2234@192dpi" x="2152" y="2504" />
    <location key="#com.android.tools.idea.streaming.emulator.dialogs.ManageSnapshotsDialog.0.0.5120.2880@192dpi" x="3008" y="752" />
    <location key="find.popup.0.0.3840.2160@192dpi" x="1072" y="294" />
    <location key="#com.android.tools.idea.streaming.emulator.dialogs.ManageSnapshotsDialog.-3440.216.3440.1440" x="-1842" y="590" />
    <location key="find.popup.-174.-2160.3840.2160@192dpi" x="0" y="-1798" />
    <location key="find.popup.-266.-2160.3840.2160@192dpi" x="-120" y="-2110" />
    <location key="find.popup.-198.-2160.3840.2160@192dpi" x="-52" y="-2110" />
    <location key="find.popup.-236.-2160.3840.2160@192dpi" x="-236" y="-2104" />
    <location key="find.popup.-194.-2160.3840.2160@192dpi" x="926" y="-1892" />
    <location key="find.popup.-278.-2160.3840.2160@192dpi" x="980" y="-1224" />
    <location key="find.popup.278.2160.3456.2234@192dpi" x="1156" y="2684" />
    <location key="find.popup.-142.-2160.3840.2160@192dpi" x="1024" y="-1692" />
    <size key="find.popup.-3440.-235.3440.1440" width="1597" height="736" />
    <size key="GridCell.Tab.0.left.-3440.-235.3440.1440" width="3398" height="429" />
    <size key="GridCell.Tab.0.center.-3440.-235.3440.1440" width="3398" height="429" />
    <size key="GridCell.Tab.0.right.-3440.-235.3440.1440" width="3398" height="429" />
    <size key="GridCell.Tab.0.bottom.-3440.-235.3440.1440" width="3398" height="429" />
    <size key="find.popup.-5120.0.5120.2880@192dpi" width="2982" height="2222" />
    <size key="find.popup.0.0.3456.2234@192dpi" width="2020" height="1408" />
    <size key="GridCell.Tab.0.left.-5120.0.5120.2880@192dpi" width="5036" height="1130" />
    <size key="GridCell.Tab.0.center.-5120.0.5120.2880@192dpi" width="5036" height="1130" />
    <size key="GridCell.Tab.0.right.-5120.0.5120.2880@192dpi" width="5036" height="1130" />
    <size key="GridCell.Tab.0.bottom.-5120.0.5120.2880@192dpi" width="5036" height="1130" />
    <size key="GridCell.Tab.0.left.0.0.3456.2234@192dpi" width="3292" height="514" />
    <size key="GridCell.Tab.0.center.0.0.3456.2234@192dpi" width="3292" height="514" />
    <size key="GridCell.Tab.0.right.0.0.3456.2234@192dpi" width="3292" height="514" />
    <size key="GridCell.Tab.0.bottom.0.0.3456.2234@192dpi" width="3292" height="514" />
    <size key="find.popup.-3440.426.3440.1440" width="1099" height="659" />
    <size key="find.popup.0.0.5120.2880@192dpi" width="2992" height="1844" />
    <size key="find.popup.-70.-1080.1920.1080" width="1201" height="904" />
    <size key="GridCell.Tab.0.left.-70.-1080.1920.1080" width="1878" height="357" />
    <size key="GridCell.Tab.0.center.-70.-1080.1920.1080" width="1878" height="357" />
    <size key="GridCell.Tab.0.right.-70.-1080.1920.1080" width="1878" height="357" />
    <size key="GridCell.Tab.0.bottom.-70.-1080.1920.1080" width="1878" height="357" />
    <size key="GridCell.Tab.0.left.-3440.426.3440.1440" width="3398" height="194" />
    <size key="GridCell.Tab.0.center.-3440.426.3440.1440" width="3398" height="194" />
    <size key="GridCell.Tab.0.right.-3440.426.3440.1440" width="3398" height="194" />
    <size key="GridCell.Tab.0.bottom.-3440.426.3440.1440" width="3398" height="194" />
    <size key="find.popup.0.0.2880.5120@192dpi" width="2098" height="2362" />
    <size key="find.popup.-3440.276.3440.1440" width="1080" height="1079" />
    <size key="GridCell.Tab.0.left.-3440.276.3440.1440" width="3396" height="146" />
    <size key="GridCell.Tab.0.center.-3440.276.3440.1440" width="3396" height="146" />
    <size key="GridCell.Tab.0.right.-3440.276.3440.1440" width="3396" height="146" />
    <size key="GridCell.Tab.0.bottom.-3440.276.3440.1440" width="3396" height="146" />
    <size key="find.popup.0.0.2160.3840@192dpi" width="1560" height="2716" />
    <size key="find.popup.-5120.-130.5120.2880@192dpi" width="2742" height="1476" />
    <size key="find.popup.-75.-1080.1920.1080" width="1251" height="859" />
    <size key="GridCell.Tab.0.left.-75.-1080.1920.1080" width="1878" height="310" />
    <size key="GridCell.Tab.0.center.-75.-1080.1920.1080" width="1878" height="310" />
    <size key="GridCell.Tab.0.right.-75.-1080.1920.1080" width="1878" height="310" />
    <size key="GridCell.Tab.0.bottom.-75.-1080.1920.1080" width="1878" height="310" />
    <size key="GridCell.Tab.1.left.0.0.3456.2234@192dpi" width="3292" height="514" />
    <size key="GridCell.Tab.1.center.0.0.3456.2234@192dpi" width="3292" height="514" />
    <size key="GridCell.Tab.1.right.0.0.3456.2234@192dpi" width="3292" height="514" />
    <size key="GridCell.Tab.1.bottom.0.0.3456.2234@192dpi" width="3292" height="514" />
    <size key="find.popup.-668.-2880.5120.2880@192dpi" width="2786" height="1528" />
    <size key="find.popup.-5120.-646.5120.2880@192dpi" width="2742" height="1476" />
    <size key="GridCell.Tab.1.left.-3440.276.3440.1440" width="3398" height="544" />
    <size key="GridCell.Tab.1.center.-3440.276.3440.1440" width="3398" height="544" />
    <size key="GridCell.Tab.1.right.-3440.276.3440.1440" width="3398" height="544" />
    <size key="GridCell.Tab.1.bottom.-3440.276.3440.1440" width="3398" height="544" />
    <size key="GridCell.Tab.0.left.0.0.2160.3840@192dpi" width="1996" height="714" />
    <size key="GridCell.Tab.0.center.0.0.2160.3840@192dpi" width="1996" height="714" />
    <size key="GridCell.Tab.0.right.0.0.2160.3840@192dpi" width="1996" height="714" />
    <size key="GridCell.Tab.0.bottom.0.0.2160.3840@192dpi" width="1996" height="714" />
    <size key="GridCell.Tab.0.left.-5120.-646.5120.2880@192dpi" width="5036" height="832" />
    <size key="GridCell.Tab.0.center.-5120.-646.5120.2880@192dpi" width="5036" height="832" />
    <size key="GridCell.Tab.0.right.-5120.-646.5120.2880@192dpi" width="5036" height="832" />
    <size key="GridCell.Tab.0.bottom.-5120.-646.5120.2880@192dpi" width="5036" height="832" />
    <size key="find.popup.-5120.0.5120.2880@240dpi" width="2740" height="1472" />
    <size key="find.popup.0.0.3456.2234@240dpi" width="3456" height="1476" />
    <size key="GridCell.Tab.1.left.-5120.0.5120.2880@192dpi" width="5036" height="1114" />
    <size key="GridCell.Tab.1.center.-5120.0.5120.2880@192dpi" width="5036" height="1114" />
    <size key="GridCell.Tab.1.right.-5120.0.5120.2880@192dpi" width="5036" height="1114" />
    <size key="GridCell.Tab.1.bottom.-5120.0.5120.2880@192dpi" width="5036" height="1114" />
    <size key="find.popup.-1920.-435.1920.1080" width="1920" height="722" />
    <size key="GridCell.Tab.0.left.-1920.-435.1920.1080" width="1878" height="237" />
    <size key="GridCell.Tab.0.center.-1920.-435.1920.1080" width="1878" height="237" />
    <size key="GridCell.Tab.0.right.-1920.-435.1920.1080" width="1878" height="237" />
    <size key="GridCell.Tab.0.bottom.-1920.-435.1920.1080" width="1878" height="237" />
    <size key="GridCell.Tab.1.left.-1920.-435.1920.1080" width="1878" height="261" />
    <size key="GridCell.Tab.1.center.-1920.-435.1920.1080" width="1878" height="261" />
    <size key="GridCell.Tab.1.right.-1920.-435.1920.1080" width="1878" height="261" />
    <size key="GridCell.Tab.1.bottom.-1920.-435.1920.1080" width="1878" height="261" />
    <size key="GridCell.Tab.0.left.0.0.1920.1080" width="1838" height="505" />
    <size key="GridCell.Tab.0.center.0.0.1920.1080" width="1838" height="505" />
    <size key="GridCell.Tab.0.right.0.0.1920.1080" width="1838" height="505" />
    <size key="GridCell.Tab.0.bottom.0.0.1920.1080" width="1838" height="505" />
    <size key="GridCell.Tab.1.left.-70.-1080.1920.1080" width="1878" height="357" />
    <size key="GridCell.Tab.1.center.-70.-1080.1920.1080" width="1878" height="357" />
    <size key="GridCell.Tab.1.right.-70.-1080.1920.1080" width="1878" height="357" />
    <size key="GridCell.Tab.1.bottom.-70.-1080.1920.1080" width="1878" height="357" />
    <size key="find.popup.-124.-1080.1920.1080" width="1657" height="775" />
    <size key="GridCell.Tab.0.left.-124.-1080.1920.1080" width="1876" height="331" />
    <size key="GridCell.Tab.0.center.-124.-1080.1920.1080" width="1876" height="331" />
    <size key="GridCell.Tab.0.right.-124.-1080.1920.1080" width="1876" height="331" />
    <size key="GridCell.Tab.0.bottom.-124.-1080.1920.1080" width="1876" height="331" />
    <size key="GridCell.Tab.0.left.0.0.5120.2880@192dpi" width="3676" height="1010" />
    <size key="GridCell.Tab.0.center.0.0.5120.2880@192dpi" width="3676" height="1010" />
    <size key="GridCell.Tab.0.right.0.0.5120.2880@192dpi" width="3676" height="1010" />
    <size key="GridCell.Tab.0.bottom.0.0.5120.2880@192dpi" width="3676" height="1010" />
    <size key="find.popup.5120.0.3456.2234@192dpi" width="2014" height="1646" />
    <size key="GridCell.Tab.0.right.-238.-2160.3840.2160@192dpi" width="3756" height="364" />
    <size key="GridCell.Tab.0.left.-238.-2160.3840.2160@192dpi" width="3756" height="364" />
    <size key="GridCell.Tab.0.center.-238.-2160.3840.2160@192dpi" width="3756" height="364" />
    <size key="GridCell.Tab.0.bottom.-238.-2160.3840.2160@192dpi" width="3756" height="364" />
    <size key="GridCell.Tab.1.left.-238.-2160.3840.2160@192dpi" width="3756" height="364" />
    <size key="GridCell.Tab.1.center.-238.-2160.3840.2160@192dpi" width="3756" height="364" />
    <size key="GridCell.Tab.1.right.-238.-2160.3840.2160@192dpi" width="3756" height="364" />
    <size key="GridCell.Tab.1.bottom.-238.-2160.3840.2160@192dpi" width="3756" height="364" />
    <size key="find.popup.-238.-2160.3840.2160@192dpi" width="1594" height="2110" />
    <size key="GridCell.Tab.1.left.0.0.5120.2880@192dpi" width="4956" height="958" />
    <size key="GridCell.Tab.1.center.0.0.5120.2880@192dpi" width="4956" height="958" />
    <size key="GridCell.Tab.1.right.0.0.5120.2880@192dpi" width="4956" height="958" />
    <size key="GridCell.Tab.1.bottom.0.0.5120.2880@192dpi" width="4956" height="958" />
    <size key="find.popup.0.0.3440.1440" width="2338" height="1177" />
    <size key="GridCell.Tab.0.left.0.0.3440.1440" width="3358" height="416" />
    <size key="GridCell.Tab.0.center.0.0.3440.1440" width="3358" height="416" />
    <size key="GridCell.Tab.0.right.0.0.3440.1440" width="3358" height="416" />
    <size key="GridCell.Tab.0.bottom.0.0.3440.1440" width="3358" height="416" />
    <size key="GridCell.Tab.1.left.0.0.2160.3840@192dpi" width="2072" height="1328" />
    <size key="GridCell.Tab.1.center.0.0.2160.3840@192dpi" width="2072" height="1328" />
    <size key="GridCell.Tab.1.right.0.0.2160.3840@192dpi" width="2072" height="1328" />
    <size key="GridCell.Tab.1.bottom.0.0.2160.3840@192dpi" width="2072" height="1328" />
    <size key="find.popup.-3440.216.3440.1440" width="1184" height="1079" />
    <size key="GridCell.Tab.0.left.-3440.216.3440.1440" width="3358" height="442" />
    <size key="GridCell.Tab.0.center.-3440.216.3440.1440" width="3358" height="442" />
    <size key="GridCell.Tab.0.right.-3440.216.3440.1440" width="3358" height="442" />
    <size key="GridCell.Tab.0.bottom.-3440.216.3440.1440" width="3358" height="442" />
    <size key="GridCell.Tab.1.left.-3440.216.3440.1440" width="3358" height="339" />
    <size key="GridCell.Tab.1.center.-3440.216.3440.1440" width="3358" height="339" />
    <size key="GridCell.Tab.1.right.-3440.216.3440.1440" width="3358" height="339" />
    <size key="GridCell.Tab.1.bottom.-3440.216.3440.1440" width="3358" height="339" />
    <size key="find.popup.-182.-2160.3840.2160@192dpi" width="2772" height="1902" />
    <size key="find.popup.0.0.1920.1080" width="1014" height="809" />
    <size key="GridCell.Tab.0.left.5120.0.3456.2234@192dpi" width="5032" height="822" />
    <size key="GridCell.Tab.0.center.5120.0.3456.2234@192dpi" width="5032" height="822" />
    <size key="GridCell.Tab.0.right.5120.0.3456.2234@192dpi" width="5032" height="822" />
    <size key="GridCell.Tab.0.bottom.5120.0.3456.2234@192dpi" width="5032" height="822" />
    <size key="GridCell.Tab.0.left.-182.-2160.3840.2160@192dpi" width="3752" height="522" />
    <size key="GridCell.Tab.0.center.-182.-2160.3840.2160@192dpi" width="3752" height="522" />
    <size key="GridCell.Tab.0.right.-182.-2160.3840.2160@192dpi" width="3752" height="522" />
    <size key="GridCell.Tab.0.bottom.-182.-2160.3840.2160@192dpi" width="3752" height="522" />
    <size key="GridCell.Tab.0.left.-384.-2160.3840.2160@192dpi" width="3752" height="516" />
    <size key="GridCell.Tab.0.center.-384.-2160.3840.2160@192dpi" width="3752" height="516" />
    <size key="GridCell.Tab.0.right.-384.-2160.3840.2160@192dpi" width="3752" height="516" />
    <size key="GridCell.Tab.0.bottom.-384.-2160.3840.2160@192dpi" width="3752" height="516" />
    <size key="find.popup.-260.-2160.3840.2160@192dpi" width="2238" height="1610" />
    <size key="GridCell.Tab.0.left.-260.-2160.3840.2160@192dpi" width="3752" height="542" />
    <size key="GridCell.Tab.0.center.-260.-2160.3840.2160@192dpi" width="3752" height="542" />
    <size key="GridCell.Tab.0.right.-260.-2160.3840.2160@192dpi" width="3752" height="542" />
    <size key="GridCell.Tab.0.bottom.-260.-2160.3840.2160@192dpi" width="3752" height="542" />
    <size key="GridCell.Tab.1.left.-124.-1080.1920.1080" width="1876" height="345" />
    <size key="GridCell.Tab.1.center.-124.-1080.1920.1080" width="1876" height="345" />
    <size key="GridCell.Tab.1.right.-124.-1080.1920.1080" width="1876" height="345" />
    <size key="GridCell.Tab.1.bottom.-124.-1080.1920.1080" width="1876" height="345" />
    <size key="find.popup.-954.-2880.5120.2880@192dpi" width="1936" height="1422" />
    <size key="GridCell.Tab.0.left.-954.-2880.5120.2880@192dpi" width="4956" height="1044" />
    <size key="GridCell.Tab.0.center.-954.-2880.5120.2880@192dpi" width="4956" height="1044" />
    <size key="GridCell.Tab.0.right.-954.-2880.5120.2880@192dpi" width="4956" height="1044" />
    <size key="GridCell.Tab.0.bottom.-954.-2880.5120.2880@192dpi" width="4956" height="1044" />
    <size key="GridCell.Tab.1.left.-954.-2880.5120.2880@192dpi" width="4956" height="1044" />
    <size key="GridCell.Tab.1.center.-954.-2880.5120.2880@192dpi" width="4956" height="1044" />
    <size key="GridCell.Tab.1.right.-954.-2880.5120.2880@192dpi" width="4956" height="1044" />
    <size key="GridCell.Tab.1.bottom.-954.-2880.5120.2880@192dpi" width="4956" height="1044" />
    <size key="find.popup.384.2160.3456.2234@192dpi" width="1356" height="1878" />
    <size key="GridCell.Tab.0.left.384.2160.3456.2234@192dpi" width="3292" height="780" />
    <size key="GridCell.Tab.0.center.384.2160.3456.2234@192dpi" width="3292" height="780" />
    <size key="GridCell.Tab.0.right.384.2160.3456.2234@192dpi" width="3292" height="780" />
    <size key="GridCell.Tab.0.bottom.384.2160.3456.2234@192dpi" width="3292" height="780" />
    <size key="GridCell.Tab.1.left.384.2160.3456.2234@192dpi" width="3292" height="780" />
    <size key="GridCell.Tab.1.center.384.2160.3456.2234@192dpi" width="3292" height="780" />
    <size key="GridCell.Tab.1.right.384.2160.3456.2234@192dpi" width="3292" height="780" />
    <size key="GridCell.Tab.1.bottom.384.2160.3456.2234@192dpi" width="3292" height="780" />
    <size key="GridCell.Tab.1.left.0.0.1920.1080" width="1838" height="479" />
    <size key="GridCell.Tab.1.center.0.0.1920.1080" width="1838" height="479" />
    <size key="GridCell.Tab.1.right.0.0.1920.1080" width="1838" height="479" />
    <size key="GridCell.Tab.1.bottom.0.0.1920.1080" width="1838" height="479" />
    <size key="#com.android.tools.idea.streaming.emulator.dialogs.ManageSnapshotsDialog.0.0.5120.2880@192dpi" width="1600" height="1600" />
    <size key="find.popup.0.0.3840.2160@192dpi" width="2130" height="1722" />
    <size key="#com.android.tools.idea.streaming.emulator.dialogs.ManageSnapshotsDialog.-3440.216.3440.1440" width="749" height="821" />
    <size key="find.popup.-174.-2160.3840.2160@192dpi" width="2182" height="2110" />
    <size key="GridCell.Tab.0.right.-174.-2160.3840.2160@192dpi" width="3676" height="716" />
    <size key="GridCell.Tab.0.left.-174.-2160.3840.2160@192dpi" width="3676" height="716" />
    <size key="GridCell.Tab.0.center.-174.-2160.3840.2160@192dpi" width="3676" height="716" />
    <size key="GridCell.Tab.0.bottom.-174.-2160.3840.2160@192dpi" width="3676" height="716" />
    <size key="GridCell.Tab.1.left.-174.-2160.3840.2160@192dpi" width="3676" height="612" />
    <size key="GridCell.Tab.1.center.-174.-2160.3840.2160@192dpi" width="3676" height="612" />
    <size key="GridCell.Tab.1.right.-174.-2160.3840.2160@192dpi" width="3676" height="612" />
    <size key="GridCell.Tab.1.bottom.-174.-2160.3840.2160@192dpi" width="3676" height="612" />
    <size key="find.popup.-266.-2160.3840.2160@192dpi" width="3314" height="2110" />
    <size key="GridCell.Tab.0.right.-266.-2160.3840.2160@192dpi" width="3676" height="630" />
    <size key="GridCell.Tab.0.left.-266.-2160.3840.2160@192dpi" width="3676" height="630" />
    <size key="GridCell.Tab.0.center.-266.-2160.3840.2160@192dpi" width="3676" height="630" />
    <size key="GridCell.Tab.0.bottom.-266.-2160.3840.2160@192dpi" width="3676" height="630" />
    <size key="GridCell.Tab.1.left.-266.-2160.3840.2160@192dpi" width="3676" height="630" />
    <size key="GridCell.Tab.1.center.-266.-2160.3840.2160@192dpi" width="3676" height="630" />
    <size key="GridCell.Tab.1.right.-266.-2160.3840.2160@192dpi" width="3676" height="630" />
    <size key="GridCell.Tab.1.bottom.-266.-2160.3840.2160@192dpi" width="3676" height="630" />
    <size key="find.popup.-198.-2160.3840.2160@192dpi" width="3314" height="2110" />
    <size key="GridCell.Tab.0.left.-198.-2160.3840.2160@192dpi" width="3676" height="508" />
    <size key="GridCell.Tab.0.center.-198.-2160.3840.2160@192dpi" width="3676" height="508" />
    <size key="GridCell.Tab.0.right.-198.-2160.3840.2160@192dpi" width="3676" height="508" />
    <size key="GridCell.Tab.0.bottom.-198.-2160.3840.2160@192dpi" width="3676" height="508" />
    <size key="GridCell.Tab.1.left.-198.-2160.3840.2160@192dpi" width="3676" height="508" />
    <size key="GridCell.Tab.1.center.-198.-2160.3840.2160@192dpi" width="3676" height="508" />
    <size key="GridCell.Tab.1.right.-198.-2160.3840.2160@192dpi" width="3676" height="508" />
    <size key="GridCell.Tab.1.bottom.-198.-2160.3840.2160@192dpi" width="3676" height="508" />
    <size key="find.popup.-236.-2160.3840.2160@192dpi" width="3840" height="2102" />
    <size key="GridCell.Tab.0.left.-236.-2160.3840.2160@192dpi" width="3676" height="552" />
    <size key="GridCell.Tab.0.center.-236.-2160.3840.2160@192dpi" width="3676" height="552" />
    <size key="GridCell.Tab.0.right.-236.-2160.3840.2160@192dpi" width="3676" height="552" />
    <size key="GridCell.Tab.0.bottom.-236.-2160.3840.2160@192dpi" width="3676" height="552" />
    <size key="GridCell.Tab.1.left.-236.-2160.3840.2160@192dpi" width="3676" height="618" />
    <size key="GridCell.Tab.1.center.-236.-2160.3840.2160@192dpi" width="3676" height="618" />
    <size key="GridCell.Tab.1.right.-236.-2160.3840.2160@192dpi" width="3676" height="618" />
    <size key="GridCell.Tab.1.bottom.-236.-2160.3840.2160@192dpi" width="3676" height="618" />
    <size key="GridCell.Tab.1.left.0.0.3440.1440" width="3358" height="416" />
    <size key="GridCell.Tab.1.center.0.0.3440.1440" width="3358" height="416" />
    <size key="GridCell.Tab.1.right.0.0.3440.1440" width="3358" height="416" />
    <size key="GridCell.Tab.1.bottom.0.0.3440.1440" width="3358" height="416" />
    <size key="find.popup.-194.-2160.3840.2160@192dpi" width="1824" height="1532" />
    <size key="GridCell.Tab.0.left.-194.-2160.3840.2160@192dpi" width="3676" height="530" />
    <size key="GridCell.Tab.0.center.-194.-2160.3840.2160@192dpi" width="3676" height="530" />
    <size key="GridCell.Tab.0.right.-194.-2160.3840.2160@192dpi" width="3676" height="530" />
    <size key="GridCell.Tab.0.bottom.-194.-2160.3840.2160@192dpi" width="3676" height="530" />
    <size key="GridCell.Tab.1.left.-194.-2160.3840.2160@192dpi" width="3676" height="530" />
    <size key="GridCell.Tab.1.center.-194.-2160.3840.2160@192dpi" width="3676" height="530" />
    <size key="GridCell.Tab.1.right.-194.-2160.3840.2160@192dpi" width="3676" height="530" />
    <size key="GridCell.Tab.1.bottom.-194.-2160.3840.2160@192dpi" width="3676" height="530" />
    <size key="find.popup.-278.-2160.3840.2160@192dpi" width="1856" height="1062" />
    <size key="GridCell.Tab.0.left.0.0.3840.2160@192dpi" width="3676" height="688" />
    <size key="GridCell.Tab.0.center.0.0.3840.2160@192dpi" width="3676" height="688" />
    <size key="GridCell.Tab.0.right.0.0.3840.2160@192dpi" width="3676" height="688" />
    <size key="GridCell.Tab.0.bottom.0.0.3840.2160@192dpi" width="3676" height="688" />
    <size key="GridCell.Tab.1.left.5120.0.3456.2234@192dpi" width="4956" height="980" />
    <size key="GridCell.Tab.1.center.5120.0.3456.2234@192dpi" width="4956" height="980" />
    <size key="GridCell.Tab.1.right.5120.0.3456.2234@192dpi" width="4956" height="980" />
    <size key="GridCell.Tab.1.bottom.5120.0.3456.2234@192dpi" width="4956" height="980" />
    <size key="GridCell.Tab.1.left.0.0.3840.2160@192dpi" width="3676" height="514" />
    <size key="GridCell.Tab.1.center.0.0.3840.2160@192dpi" width="3676" height="514" />
    <size key="GridCell.Tab.1.right.0.0.3840.2160@192dpi" width="3676" height="514" />
    <size key="GridCell.Tab.1.bottom.0.0.3840.2160@192dpi" width="3676" height="514" />
    <size key="find.popup.278.2160.3456.2234@192dpi" width="2130" height="1708" />
    <size key="GridCell.Tab.0.left.278.2160.3456.2234@192dpi" width="3292" height="544" />
    <size key="GridCell.Tab.0.center.278.2160.3456.2234@192dpi" width="3292" height="544" />
    <size key="GridCell.Tab.0.right.278.2160.3456.2234@192dpi" width="3292" height="544" />
    <size key="GridCell.Tab.0.bottom.278.2160.3456.2234@192dpi" width="3292" height="544" />
    <size key="find.popup.-142.-2160.3840.2160@192dpi" width="2246" height="1378" />
  </component>
  <component name="WindowManager">
    <frame x="0" y="50" width="1728" height="1055" />
  </component>
  <component name="WindowStateApplicationService">
    <state width="818" height="814" key="ShowUsagesActions.dimensionServiceKey" timestamp="1752776628280">
      <screen x="0" y="38" width="1728" height="1079" />
    </state>
    <state width="822" height="206" key="ShowUsagesActions.dimensionServiceKey/0.25.3440.1415" timestamp="1745634470062" />
    <state width="818" height="814" key="ShowUsagesActions.dimensionServiceKey/0.38.1728.1079" timestamp="1752776628280" />
    <state width="847" height="158" key="ShowUsagesActions.dimensionServiceKey/0.38.1728.1079/-71.-1055.1920.1055" timestamp="1752705885379" />
    <state width="727" height="134" key="ShowUsagesActions.dimensionServiceKey/139.1118.1728.1079/0.25.1920.1055" timestamp="1749862326982" />
    <state width="836" height="206" key="ShowUsagesActions.dimensionServiceKey/192.1118.1728.1079/0.25.1920.1055" timestamp="1752096665530" />
    <state width="797" height="206" key="ShowUsagesActions.dimensionServiceKey/2560.38.1728.1079/0.25.2560.1415" timestamp="1752268535496" />
    <state width="974" height="110" key="ShowUsagesActions.dimensionServiceKey/3440.188.1728.1079/0.25.3440.1415" timestamp="1747060202361" />
    <state x="863" y="552" width="889" height="928" key="WELCOME_SCREEN" timestamp="1753061136308">
      <screen x="0" y="38" width="1728" height="1079" />
    </state>
    <state x="863" y="552" width="889" height="928" key="WELCOME_SCREEN/0.38.1728.1079" timestamp="1753061136308" />
    <state x="863" y="556" width="801" height="950" key="WELCOME_SCREEN/0.38.1728.1079/-71.-1055.1920.1055" timestamp="1752690159509" />
    <state x="863" y="552" width="889" height="928" key="WELCOME_SCREEN/0.38.1728.1079/1728.25.2560.1415" timestamp="1747424662973" />
    <state x="959" y="531" width="889" height="928" key="WELCOME_SCREEN/139.1118.1728.1079/0.25.1920.1055" timestamp="1749859990693" />
    <state x="959" y="531" width="889" height="928" key="WELCOME_SCREEN/192.1118.1728.1079/0.25.1920.1055" timestamp="1750736107041" />
    <state x="1280" y="672" width="1080" height="1055" key="WELCOME_SCREEN/2560.38.1728.1079/0.25.2560.1415" timestamp="1747670231842" />
    <state x="1720" y="699" width="1770" height="1217" key="WELCOME_SCREEN/3440.188.1728.1079/0.25.3440.1415" timestamp="1746218196830" />
  </component>
</application>